data_series,algorithm_type,reputation_score,metric_score(FScore(2.0)),configuration
(CPU Idle Processes#DIFFERENCE#CENTOS)/(SystemCpuLoad#PLAIN#JVM)#DIFFERENCE#COMPOSITION§KMEANS§1.0§0.0§getFolder=centroid,12.5,-1.0713343250714288E9,1.5475035942142835E8,centroid,30.0,1.6948197828570366E7,6.540169558143575E9,&deleteFolder=centroid,17.76923076923077,1.1376523629428353E9,1.2611765489717302E9,&newPoll=centroid,10.5,-7.063511009153849E9,1.474378975807686E8,centroid,18.0,-2.377165944396689E9,8.501362172643502E9,&addFiles=centroid,15.333333333333334,-5.797796499826304E9,1.428965997417871E9,centroid,21.25,-1.293392472498457E9,6.882343097023304E9,&addEventInCalendar=centroid,27.5,-3.116254393892407E9,2.917170141392154E9,centroid,34.27272727272727,2.1210417372643366E8,7.619051417792253E9,&getBookmarkFolder=centroid,30.0,8.597295812817982E9,1.5104325608216336E9,centroid,36.58536585365854,1.2138737890731263E8,8.171790614276242E9,centroid,333.2,5.790208445776025E9,1.4013612100136278E9,&getCredentials=centroid,16.0,2.4977759969090286E8,2.144689663530007E9,&createFolder=centroid,15.166666666666666,-1.2127214192836213E9,4.378828690441862E9,&addBookmarkFolder=centroid,16.11111111111111,1.3349452126243988E7,1.5463179497698631E10,&removeEventInCalendar=centroid,14.0,-6.073315796405558E9,8.636072309761126E8,centroid,18.857142857142858,7.215024277930273E7,7.0211761672713375E9,&
